Linear Regression,Ridge Regression,ElasticNet,Lasso Regression,Gradient Boosting,Random Forest,XGBoost
36420.02146875444,3043408.0228671078,128879.10214579324,128926.55998676956,133132.48550648175,151511.84009386145,138763.06
6038.204148384238,45744391.75356664,160620.10186117663,160588.14711717612,167728.62599372512,172940.79591203996,173310.06
29873.84823776567,17231697.387675557,183223.89496425705,183386.33000594348,193857.24745920303,208704.88614117343,196609.92
8853.275221023585,42716967.88493618,199291.72412507806,199324.60611278078,191381.9138380262,209225.176558197,201577.45
